Large_X,Large_Y,Small_0X,Small_0Y,Small_1X,Small_1Y,Small_2X,Small_2Y
612,217,607,212,607,212,607,212
617,222,607,212,607,212,607,212
622,227,607,212,607,212,607,212
627,232,607,212,607,212,607,212
632,237,607,212,607,212,607,212
637,242,607,212,607,212,607,212
642,247,607,212,607,212,607,212
647,252,607,212,607,212,607,212
652,257,607,212,607,212,607,212
657,262,607,212,607,212,607,212
662,267,607,212,607,212,607,212
667,272,607,212,607,212,607,212
672,277,607,212,607,212,607,212
677,282,607,212,607,212,607,212
682,287,607,212,607,212,607,212
687,292,607,212,607,212,607,212
692,297,607,212,607,212,607,212
697,302,607,212,607,212,607,212
702,307,607,212,607,212,607,212
707,312,607,212,607,212,607,212
712,317,607,212,607,212,607,212
717,322,607,212,607,212,607,212
722,327,607,212,607,212,607,212
727,332,607,212,607,212,607,212
732,337,607,212,607,212,607,212
737,342,607,212,607,212,607,212
742,347,607,212,607,212,607,212
747,352,607,212,607,212,607,212
752,357,607,212,607,212,607,212
757,362,607,212,607,212,607,212
762,367,607,212,607,212,607,212
767,372,607,212,607,212,607,212
772,377,607,212,607,212,607,212
777,382,607,212,607,212,607,212
782,387,607,212,607,212,607,212
787,392,607,212,607,212,607,212
792,397,607,212,607,212,607,212
797,392,607,212,607,212,607,212
802,387,607,212,607,212,607,212
807,382,607,212,607,212,607,212
812,377,607,212,607,212,607,212
817,372,607,212,607,212,607,212
822,367,607,212,607,212,607,212
827,362,607,212,607,212,607,212
832,357,607,212,607,212,607,212
837,352,607,212,607,212,607,212
842,347,607,212,607,212,607,212
847,342,607,212,607,212,607,212
852,337,607,212,607,212,607,212
857,332,607,212,607,212,607,212
862,327,607,212,607,212,607,212
867,322,607,212,607,212,607,212
872,317,607,212,607,212,607,212
877,312,607,212,607,212,607,212
882,307,607,212,607,212,607,212
887,302,607,212,607,212,607,212
892,297,607,212,607,212,607,212
897,292,607,212,607,212,607,212
902,287,607,212,607,212,607,212
907,282,607,212,607,212,607,212
912,277,607,212,607,212,607,212
917,272,607,212,607,212,607,212
922,267,607,212,607,212,607,212
927,262,607,212,607,212,607,212
932,257,607,212,607,212,607,212
937,252,607,212,607,212,607,212
942,247,607,212,607,212,607,212
947,242,607,212,607,212,607,212
952,237,607,212,607,212,607,212
957,232,607,212,607,212,607,212
962,227,607,212,607,212,607,212
967,222,607,212,607,212,607,212
972,217,607,212,607,212,607,212
977,212,607,212,607,212,607,212
982,207,607,212,607,212,607,212
987,202,607,212,607,212,607,212
992,197,607,212,607,212,607,212
997,192,607,212,607,212,607,212
1002,187,607,212,607,212,607,212
1007,182,607,212,607,212,607,212
1012,177,607,212,607,212,607,212
1017,172,607,212,607,212,607,212
1022,167,607,212,607,212,607,212
1027,162,607,212,607,212,607,212
1032,157,607,212,607,212,607,212
1037,152,607,212,607,212,607,212
1042,147,607,212,607,212,607,212
1047,142,607,212,607,212,607,212
1052,137,607,212,607,212,607,212
1057,132,607,212,607,212,607,212
1062,127,607,212,607,212,607,212
1067,122,607,212,607,212,607,212
1072,117,607,212,607,212,607,212
1077,112,607,212,607,212,607,212
1072,107,607,212,607,212,607,212
1067,102,607,212,607,212,607,212
1062,97,607,212,607,212,607,212
1057,92,607,212,607,212,607,212
1052,87,607,212,607,212,607,212
1047,82,607,212,607,212,607,212
1042,77,607,212,607,212,607,212
1037,72,607,212,607,212,607,212
1032,67,607,212,607,212,607,212
1027,62,607,212,607,212,607,212
1022,57,607,212,607,212,607,212
1017,52,607,212,607,212,607,212
1012,47,607,212,607,212,607,212
1007,42,607,212,607,212,607,212
1002,37,607,212,607,212,607,212
997,32,607,212,607,212,607,212
992,27,607,212,607,212,607,212
987,32,607,212,607,212,607,212
982,37,607,212,607,212,607,212
977,42,607,212,607,212,607,212
972,47,607,212,607,212,607,212
967,52,607,212,607,212,607,212
962,57,607,212,607,212,607,212
957,62,607,212,607,212,607,212
952,67,607,212,607,212,607,212
947,72,607,212,607,212,607,212
942,77,607,212,607,212,607,212
937,82,607,212,607,212,607,212
932,87,607,212,607,212,607,212
927,92,607,212,607,212,607,212
922,97,607,212,607,212,607,212
917,102,607,212,607,212,607,212
912,107,607,212,607,212,607,212
907,112,607,212,607,212,607,212
902,117,607,212,607,212,607,212
897,122,607,212,607,212,607,212
892,127,607,212,607,212,607,212
887,132,607,212,607,212,607,212
882,137,607,212,607,212,607,212
877,142,607,212,607,212,607,212
872,147,607,212,607,212,607,212
867,152,607,212,607,212,607,212
862,157,607,212,607,212,607,212
857,162,607,212,607,212,607,212
852,167,607,212,607,212,607,212
847,172,607,212,607,212,607,212
842,177,607,212,607,212,607,212
837,182,607,212,607,212,607,212
832,187,607,212,607,212,607,212
827,192,607,212,607,212,607,212
822,197,607,212,607,212,607,212
817,202,607,212,607,212,607,212
812,207,607,212,607,212,607,212
807,212,607,212,607,212,607,212
802,217,607,212,607,212,607,212
797,222,607,212,607,212,607,212
792,227,607,212,607,212,607,212
787,232,607,212,607,212,607,212
782,237,607,212,607,212,607,212
777,242,607,212,607,212,607,212
772,247,607,212,607,212,607,212
767,252,607,212,607,212,607,212
762,257,607,212,607,212,607,212
757,262,607,212,607,212,607,212
752,267,607,212,607,212,607,212
747,272,607,212,607,212,607,212
742,277,607,212,607,212,607,212
737,282,607,212,607,212,607,212
732,287,607,212,607,212,607,212
727,292,607,212,607,212,607,212
722,297,607,212,607,212,607,212
717,302,607,212,607,212,607,212
712,307,607,212,607,212,607,212
707,312,607,212,607,212,607,212
702,317,607,212,607,212,607,212
697,322,607,212,607,212,607,212
692,327,607,212,607,212,607,212
687,332,607,212,607,212,607,212
682,337,607,212,607,212,607,212
677,342,607,212,607,212,607,212
672,347,607,212,607,212,607,212
667,352,607,212,607,212,607,212
662,357,607,212,607,212,607,212
657,362,607,212,607,212,607,212
652,367,607,212,607,212,607,212
647,372,607,212,607,212,607,212
642,377,607,212,607,212,607,212
637,382,607,212,607,212,607,212
632,387,607,212,607,212,607,212
627,392,607,212,607,212,607,212
622,397,607,212,607,212,607,212
617,392,607,212,607,212,607,212
612,387,607,212,607,212,607,212
607,382,607,212,607,212,607,212
602,377,607,212,607,212,607,212
597,372,607,212,607,212,607,212
592,367,607,212,607,212,607,212
587,362,607,212,607,212,607,212
582,357,607,212,607,212,607,212
577,352,607,212,607,212,607,212
572,347,607,212,607,212,607,212
567,342,607,212,607,212,607,212
562,337,607,212,607,212,607,212
557,332,607,212,607,212,607,212
552,327,607,212,607,212,607,212
547,322,607,212,607,212,607,212
542,317,607,212,607,212,607,212
537,312,607,212,607,212,607,212
532,307,607,212,607,212,607,212
527,302,607,212,607,212,607,212
522,297,607,212,607,212,607,212
517,292,607,212,607,212,607,212
512,287,607,212,607,212,607,212
507,282,607,212,607,212,607,212
502,277,607,212,607,212,607,212
497,272,607,212,607,212,607,212
492,267,607,212,607,212,607,212
487,262,607,212,607,212,607,212
482,257,607,212,607,212,607,212
477,252,607,212,607,212,607,212
472,247,607,212,607,212,607,212
467,242,607,212,607,212,607,212
462,237,607,212,607,212,607,212
457,232,607,212,607,212,607,212
452,227,607,212,607,212,607,212
447,222,607,212,607,212,607,212
442,217,607,212,607,212,607,212
437,212,607,212,607,212,607,212
432,207,607,212,607,212,607,212
427,202,607,212,607,212,607,212
422,197,607,212,607,212,607,212
417,192,607,212,607,212,607,212
412,187,607,212,607,212,607,212
407,182,607,212,607,212,607,212
402,177,607,212,607,212,607,212
397,172,607,212,607,212,607,212
392,167,607,212,607,212,607,212
387,162,607,212,607,212,607,212
382,157,607,212,607,212,607,212
377,152,607,212,607,212,607,212
372,147,607,212,607,212,607,212
367,142,607,212,607,212,607,212
362,137,607,212,607,212,607,212
357,132,607,212,607,212,607,212
352,127,607,212,607,212,607,212
347,122,607,212,607,212,607,212
342,117,607,212,607,212,607,212
337,112,607,212,607,212,607,212
332,107,607,212,607,212,607,212
327,102,607,212,607,212,607,212
322,97,607,212,607,212,607,212
317,92,607,212,607,212,607,212
312,87,607,212,607,212,607,212
307,82,607,212,607,212,607,212
302,77,607,212,607,212,607,212
297,72,607,212,607,212,607,212
292,67,607,212,607,212,607,212
287,62,607,212,607,212,607,212
282,57,607,212,607,212,607,212
277,52,607,212,607,212,607,212
272,47,607,212,607,212,607,212
267,42,607,212,607,212,607,212
262,37,607,212,607,212,607,212
257,32,607,212,607,212,607,212
252,27,607,212,607,212,607,212
247,32,607,212,607,212,607,212
242,37,607,212,607,212,607,212
237,42,607,212,607,212,607,212
232,47,607,212,607,212,607,212
227,52,607,212,607,212,607,212
222,57,607,212,607,212,607,212
217,62,607,212,607,212,607,212
212,67,607,212,607,212,607,212
207,72,607,212,607,212,607,212
202,77,607,212,607,212,607,212
197,82,607,212,607,212,607,212
192,87,607,212,607,212,607,212
187,92,607,212,607,212,607,212
182,97,607,212,607,212,607,212
177,102,607,212,607,212,607,212
172,107,607,212,607,212,607,212
167,112,607,212,607,212,607,212
162,117,607,212,607,212,607,212
157,122,607,212,607,212,607,212
152,127,607,212,607,212,607,212
147,132,607,212,607,212,607,212
142,137,607,212,607,212,607,212
137,142,607,212,607,212,607,212
132,147,607,212,607,212,607,212
132,152,607,212,607,212,607,212
138,157,607,212,607,212,607,212
143,163,607,212,607,212,607,212
149,168,607,212,607,212,607,212
154,174,607,212,607,212,607,212
160,179,607,212,607,212,607,212
165,185,607,212,607,212,607,212
171,190,607,212,607,212,607,212
176,196,607,212,607,212,607,212
182,201,607,212,607,212,607,212
187,207,607,212,607,212,607,212
193,212,607,212,607,212,607,212
198,218,607,212,607,212,607,212
204,223,607,212,607,212,607,212
209,229,607,212,607,212,607,212
215,234,607,212,607,212,607,212
220,240,607,212,607,212,607,212
226,245,607,212,607,212,607,212
231,251,607,212,607,212,607,212
237,256,607,212,607,212,607,212
242,262,607,212,607,212,607,212
248,267,607,212,607,212,607,212
253,273,607,212,607,212,607,212
259,278,607,212,607,212,607,212
264,284,607,212,607,212,607,212
270,289,607,212,607,212,607,212
275,295,607,212,607,212,607,212
281,300,607,212,607,212,607,212
286,306,607,212,607,212,607,212
292,311,607,212,607,212,607,212
297,317,607,212,607,212,607,212
303,322,607,212,607,212,607,212
308,328,607,212,607,212,607,212
314,333,607,212,607,212,607,212
319,339,607,212,607,212,607,212
325,344,607,212,607,212,607,212
330,350,607,212,607,212,607,212
336,355,607,212,607,212,607,212
341,361,607,212,607,212,607,212
347,366,607,212,607,212,607,212
352,372,607,212,607,212,607,212
358,377,607,212,607,212,607,212
363,383,607,212,607,212,607,212
369,388,607,212,607,212,607,212
374,394,607,212,607,212,607,212
380,399,607,212,607,212,607,212
385,394,607,212,607,212,607,212
391,388,607,212,607,212,607,212
396,383,607,212,607,212,607,212
402,377,607,212,607,212,607,212
407,372,607,212,607,212,607,212
413,366,607,212,607,212,607,212
418,361,607,212,607,212,607,212
424,355,607,212,607,212,607,212
429,350,607,212,607,212,607,212
435,344,607,212,607,212,607,212
440,339,607,212,607,212,607,212
446,333,607,212,607,212,607,212
451,328,607,212,607,212,607,212
457,322,607,212,607,212,607,212
462,317,607,212,607,212,607,212
468,311,607,212,607,212,607,212
473,306,607,212,607,212,607,212
479,300,607,212,607,212,607,212
484,295,607,212,607,212,607,212
490,289,607,212,607,212,607,212
495,284,607,212,607,212,607,212
501,278,607,212,607,212,607,212
506,273,607,212,607,212,607,212
512,267,607,212,607,212,607,212
517,262,607,212,607,212,607,212
523,256,607,212,607,212,607,212
528,251,607,212,607,212,607,212
534,245,607,212,607,212,607,212
539,240,607,212,607,212,607,212
545,234,607,212,607,212,607,212
550,229,607,212,607,212,607,212
556,223,607,212,607,212,607,212
561,218,607,212,607,212,607,212
567,212,607,212,607,212,607,212
572,207,607,212,607,212,607,212
578,201,607,212,607,212,607,212
583,196,607,212,607,212,607,212
589,190,607,212,607,212,607,212
594,185,607,212,607,212,607,212
600,179,607,212,607,212,607,212
605,174,607,212,607,212,607,212
611,168,607,212,607,212,607,212
611,168,609,217,612,214,611,220
611,168,611,222,617,216,615,228
611,168,613,227,622,218,619,236
611,168,615,232,627,220,623,244
611,168,617,237,632,222,627,252
611,168,619,242,637,224,631,260
611,168,621,247,642,226,635,268
611,168,623,252,647,228,639,276
611,168,625,257,652,230,643,284
611,168,627,262,657,232,647,292
611,168,629,267,662,234,651,300
611,168,631,272,667,236,655,308
611,168,633,277,672,238,659,316
611,168,635,282,677,240,663,324
611,168,637,287,682,242,667,332
611,168,639,292,687,244,671,340
611,168,641,297,692,246,675,348
611,168,643,302,697,248,679,356
611,168,645,307,702,250,683,364
611,168,647,312,707,252,687,372
611,168,649,317,712,254,691,380
611,168,651,322,717,256,695,388
611,168,653,327,722,258,699,396
611,168,655,332,727,260,703,404
611,168,657,337,732,262,707,412
611,168,659,342,737,264,711,404
611,168,661,347,742,266,715,396
611,168,663,352,747,268,719,388
611,168,665,357,752,270,723,380
611,168,667,362,757,272,727,372
611,168,669,367,762,274,731,364
611,168,671,372,767,276,735,356
611,168,673,377,772,278,739,348
611,168,675,382,777,280,743,340
611,168,677,387,782,282,747,332
611,168,679,392,787,284,751,324
611,168,681,397,792,286,755,316
611,168,683,402,797,288,759,308
611,168,685,407,802,290,763,300
611,168,687,402,807,292,767,292
611,168,689,397,812,294,771,284
611,168,691,392,817,296,775,276
611,168,693,387,822,298,779,268
611,168,695,382,827,300,783,260
611,168,697,377,832,302,787,252
611,168,699,372,837,304,791,244
611,168,701,367,842,306,795,236
611,168,703,362,847,308,799,228
611,168,705,357,852,310,803,220
611,168,707,352,857,312,807,212
611,168,709,347,862,314,811,204
611,168,711,342,867,316,815,196
611,168,713,337,872,318,819,188
611,168,715,332,877,320,823,180
611,168,717,327,882,322,827,172
611,168,719,322,887,324,831,164
611,168,721,317,892,326,835,156
611,168,723,312,897,328,839,148
611,168,725,307,902,330,843,140
611,168,727,302,907,332,847,132
611,168,729,297,912,334,851,124
611,168,731,292,917,336,855,116
611,168,733,287,922,338,859,108
611,168,735,282,927,340,863,100
611,168,737,277,932,342,867,92
611,168,739,272,937,344,871,84
611,168,741,267,942,346,875,76
611,168,743,262,947,348,879,68
611,168,745,257,952,350,883,60
611,168,747,252,957,352,887,52
611,168,749,247,962,354,891,44
611,168,751,242,967,356,895,36
611,168,753,237,972,358,899,28
611,168,755,232,977,360,903,20
611,168,757,227,982,362,907,12
611,168,759,222,987,364,911,20
611,168,761,217,992,366,915,28
611,168,763,212,997,368,919,36
611,168,765,207,1002,370,923,44
611,168,767,202,1007,372,927,52
611,168,769,197,1012,374,931,60
611,168,771,192,1017,376,935,68
611,168,773,187,1022,378,939,76
611,168,775,182,1027,380,943,84
611,168,777,177,1032,382,947,92
611,168,779,172,1037,384,951,100
611,168,781,167,1042,386,955,108
611,168,783,162,1047,388,959,116
611,168,785,157,1052,390,963,124
611,168,787,152,1057,392,967,132
611,168,789,147,1062,394,971,140
611,168,791,142,1067,396,975,148
611,168,793,137,1072,398,979,156
611,168,795,132,1077,400,983,164
611,168,797,127,1082,402,987,172
611,168,799,122,1087,404,991,180
611,168,801,117,1082,406,995,188
611,168,803,112,1077,408,999,196
611,168,805,107,1072,406,1003,204
611,168,807,102,1067,404,1007,212
611,168,809,97,1062,402,1011,220
611,168,811,92,1057,400,1015,228
611,168,813,87,1052,398,1019,236
611,168,815,82,1047,396,1023,244
611,168,817,77,1042,394,1027,252
611,168,819,72,1037,392,1031,260
611,168,821,67,1032,390,1035,268
611,168,823,62,1027,388,1039,276
611,168,825,57,1022,386,1043,284
611,168,827,52,1017,384,1047,292
611,168,829,47,1012,382,1051,300
611,168,831,42,1007,380,1055,308
611,168,833,37,1002,378,1059,316
611,168,835,32,997,376,1063,324
611,168,837,27,992,374,1067,332
611,168,839,22,987,372,1071,340
611,168,841,17,982,370,1075,348
611,168,843,22,977,368,1079,356
611,168,845,27,972,366,1083,364
611,168,847,32,967,364,1087,372
611,168,849,37,962,362,1083,380
611,168,851,42,957,360,1079,388
611,168,853,47,952,358,1075,396
611,168,855,52,947,356,1071,404
611,168,857,57,942,354,1067,412
611,168,859,62,937,352,1063,404
611,168,861,67,932,350,1059,396
611,168,863,72,927,348,1055,388
611,168,865,77,922,346,1051,380
611,168,867,82,917,344,1047,372
611,168,869,87,912,342,1043,364
611,168,871,92,907,340,1039,356
611,168,873,97,902,338,1035,348
611,168,875,102,897,336,1031,340
611,168,877,107,892,334,1027,332
611,168,879,112,887,332,1023,324
611,168,881,117,882,330,1019,316
611,168,883,122,877,328,1015,308
611,168,885,127,872,326,1011,300
611,168,887,132,867,324,1007,292
611,168,889,137,862,322,1003,284
611,168,891,142,857,320,999,276
611,168,893,147,852,318,995,268
611,168,895,152,847,316,991,260
611,168,897,157,842,314,987,252
611,168,899,162,837,312,983,244
611,168,901,167,832,310,979,236
611,168,903,172,827,308,975,228
611,168,905,177,822,306,971,220
611,168,907,182,817,304,967,212
611,168,909,187,812,302,963,204
611,168,911,192,807,300,959,196
611,168,913,197,802,298,955,188
611,168,915,202,797,296,951,180
611,168,917,207,792,294,947,172
611,168,919,212,787,292,943,164
611,168,921,217,782,290,939,156
611,168,923,222,777,288,935,148
611,168,925,227,772,286,931,140
611,168,927,232,767,284,927,132
611,168,929,237,762,282,923,124
611,168,931,242,757,280,919,116
611,168,933,247,752,278,915,108
611,168,935,252,747,276,911,100
611,168,937,257,742,274,907,92
611,168,939,262,737,272,903,84
611,168,941,267,732,270,899,76
611,168,943,272,727,268,895,68
611,168,945,277,722,266,891,60
611,168,947,282,717,264,887,52
611,168,949,287,712,262,883,44
611,168,951,292,707,260,879,36
611,168,953,297,702,258,875,28
611,168,955,302,697,256,871,20
611,168,957,307,692,254,867,12
611,168,959,312,687,252,863,20
611,168,961,317,682,250,859,28
611,168,963,322,677,248,855,36
611,168,965,327,672,246,851,44
611,168,967,332,667,244,847,52
611,168,969,337,662,242,843,60
611,168,971,342,657,240,839,68
611,168,973,347,652,238,835,76
611,168,975,352,647,236,831,84
611,168,977,357,642,234,827,92
611,168,979,362,637,232,823,100
611,168,981,367,632,230,819,108
611,168,983,372,627,228,815,116
611,168,985,377,622,226,811,124
611,168,987,382,617,224,807,132
611,168,989,387,612,222,803,140
611,168,991,392,607,220,799,148
611,168,993,397,602,218,795,156
611,168,995,402,597,216,791,164
611,168,997,407,592,214,787,172
611,168,999,402,587,212,783,180
611,168,1001,397,582,210,779,188
611,168,1003,392,577,208,775,196
611,168,1005,387,572,206,771,204
611,168,1007,382,567,204,767,212
611,168,1009,377,562,202,763,220
611,168,1011,372,557,200,759,228
611,168,1013,367,552,198,755,236
611,168,1015,362,547,196,751,244
611,168,1017,357,542,194,747,252
611,168,1019,352,537,192,743,260
611,168,1021,347,532,190,739,268
611,168,1023,342,527,188,735,276
611,168,1025,337,522,186,731,284
611,168,1027,332,517,184,727,292
611,168,1029,327,512,182,723,300
611,168,1031,322,507,180,719,308
611,168,1033,317,502,178,715,316
611,168,1035,312,497,176,711,324
611,168,1037,307,492,174,707,332
611,168,1039,302,487,172,703,340
611,168,1041,297,482,170,699,348
611,168,1043,292,477,168,695,356
611,168,1045,287,472,166,691,364
611,168,1047,282,467,164,687,372
611,168,1049,277,462,162,683,380
611,168,1051,272,457,160,679,388
611,168,1053,267,452,158,675,396
611,168,1055,262,447,156,671,404
611,168,1057,257,442,154,667,412
611,168,1059,252,437,152,663,404
611,168,1061,247,432,150,659,396
611,168,1063,242,427,148,655,388
611,168,1065,237,422,146,651,380
611,168,1067,232,417,144,647,372
611,168,1069,227,412,142,643,364
611,168,1071,222,407,140,639,356
611,168,1073,217,402,138,635,348
611,168,1075,212,397,136,631,340
611,168,1077,207,392,134,627,332
611,168,1079,202,387,132,623,324
611,168,1081,197,382,130,619,316
611,168,1083,192,377,128,615,308
611,168,1085,187,372,126,611,300
611,168,1087,182,367,124,607,292
611,168,1085,177,362,122,603,284
611,168,1083,172,357,120,599,276
611,168,1081,167,352,118,595,268
611,168,1079,162,347,116,591,260
611,168,1077,157,342,114,587,252
611,168,1075,152,337,112,583,244
611,168,1073,147,332,110,579,236
611,168,1071,142,327,108,575,228
611,168,1069,137,322,106,571,220
611,168,1067,132,317,104,567,212
611,168,1065,127,312,102,563,204
611,168,1063,122,307,100,559,196
611,168,1061,117,302,98,555,188
611,168,1059,112,297,96,551,180
611,168,1057,107,292,94,547,172
611,168,1055,102,287,92,543,164
611,168,1053,97,282,90,539,156
611,168,1051,92,277,88,535,148
611,168,1049,87,272,86,531,140
611,168,1047,82,267,84,527,132
611,168,1045,77,262,82,523,124
611,168,1043,72,257,80,519,116
611,168,1041,67,252,78,515,108
611,168,1039,62,247,76,511,100
611,168,1037,57,242,74,507,92
611,168,1035,52,237,72,503,84
611,168,1033,47,232,70,499,76
611,168,1031,42,227,68,495,68
611,168,1029,37,222,66,491,60
611,168,1027,32,217,64,487,52
611,168,1025,27,212,62,483,44
611,168,1023,22,207,60,479,36
611,168,1021,17,202,58,475,28
611,168,1019,22,197,56,471,20
611,168,1017,27,192,54,467,12
611,168,1015,32,187,52,463,20
611,168,1013,37,182,50,459,28
611,168,1011,42,177,48,455,36
611,168,1009,47,172,46,451,44
611,168,1007,52,167,44,447,52
611,168,1005,57,162,42,443,60
611,168,1003,62,157,40,439,68
611,168,1001,67,152,38,435,76
611,168,999,72,147,36,431,84
611,168,997,77,142,34,427,92
611,168,995,82,137,32,423,100
611,168,993,87,132,30,419,108
611,168,991,92,127,28,415,116
611,168,989,97,122,26,411,124
611,168,987,102,122,24,407,132
611,168,985,107,128,21,403,140
611,168,983,112,133,19,399,148
611,168,981,117,139,17,395,156
611,168,979,122,144,19,391,164
611,168,977,127,150,21,387,172
611,168,975,132,155,24,383,180
611,168,973,137,161,26,379,188
611,168,971,142,166,28,375,196
611,168,969,147,172,30,371,204
611,168,967,152,177,32,367,212
611,168,965,157,183,35,363,220
611,168,963,162,188,37,359,228
611,168,961,167,194,39,355,236
611,168,959,172,199,41,351,244
611,168,957,177,205,43,347,252
611,168,955,182,210,46,343,260
611,168,953,187,216,48,339,268
611,168,951,192,221,50,335,276
611,168,949,197,227,52,331,284
611,168,947,202,232,54,327,292
611,168,945,207,238,57,323,300
611,168,943,212,243,59,319,308
611,168,941,217,249,61,315,316
611,168,939,222,254,63,311,324
611,168,937,227,260,65,307,332
611,168,935,232,265,68,303,340
611,168,933,237,271,70,299,348
611,168,931,242,276,72,295,356
611,168,929,247,282,74,291,364
611,168,927,252,287,76,287,372
611,168,925,257,293,78,283,380
611,168,923,262,298,81,279,388
611,168,921,267,304,83,275,396
611,168,919,272,309,85,271,404
611,168,917,277,315,87,267,412
611,168,915,282,320,89,263,404
611,168,913,287,326,92,259,396
611,168,911,292,331,94,255,388
611,168,909,297,337,96,251,380
611,168,907,302,342,98,247,372
611,168,905,307,348,100,243,364
611,168,903,312,353,103,239,356
611,168,901,317,359,105,235,348
611,168,899,322,364,107,231,340
611,168,897,327,370,109,227,332
611,168,895,332,375,111,223,324
611,168,893,337,381,114,219,316
611,168,891,342,386,116,215,308
611,168,889,347,392,118,211,300
611,168,887,352,397,120,207,292
611,168,885,357,403,122,203,284
611,168,883,362,408,125,199,276
611,168,881,367,414,127,195,268
611,168,879,372,419,129,191,260
611,168,877,377,425,131,187,252
611,168,875,382,430,133,183,244
611,168,873,387,436,136,179,236
611,168,871,392,441,138,175,228
611,168,869,397,447,140,171,220
611,168,867,402,452,142,167,212
611,168,865,407,458,144,163,204
611,168,863,402,463,147,159,196
611,168,861,397,469,149,155,188
611,168,859,392,474,151,151,180
611,168,857,387,480,153,147,172
611,168,855,382,485,155,143,164
611,168,853,377,491,158,139,156
611,168,851,372,496,160,135,148
611,168,849,367,502,162,131,140
611,168,847,362,507,164,127,132
611,168,845,357,513,166,123,124
611,168,843,352,518,169,119,116
611,168,841,347,524,171,119,108
611,168,839,342,529,173,123,99
611,168,837,337,535,175,128,90
611,168,835,332,540,177,132,81
611,168,833,327,546,180,136,72
611,168,831,322,551,182,141,63
611,168,829,317,557,184,145,55
611,168,827,312,562,186,150,46
611,168,825,307,568,188,154,37
611,168,823,302,573,191,158,28
611,168,821,297,579,193,163,19
611,168,819,292,584,195,167,11
611,168,817,287,590,197,172,19
611,168,815,282,595,199,176,28
611,168,813,277,601,202,180,37
611,168,811,272,606,204,185,46
611,168,809,267,612,206,189,55
611,168,807,262,617,208,194,63
611,168,805,257,623,210,198,72
611,168,803,252,628,213,202,81
611,168,801,247,634,215,207,90
611,168,799,242,639,217,211,99
611,168,797,237,645,219,216,108
611,168,795,232,650,221,220,116
611,168,793,227,656,224,224,125
611,168,791,222,661,226,229,134
611,168,789,217,667,228,233,143
611,168,787,212,672,230,238,152
611,168,785,207,678,232,242,160
611,168,783,202,683,235,246,169
611,168,781,197,689,237,251,178
611,168,779,192,694,239,255,187
611,168,777,187,700,241,260,196
611,168,775,182,705,243,264,204
611,168,773,177,711,246,268,213
611,168,771,172,716,248,273,222
611,168,769,167,722,250,277,231
611,168,767,162,727,252,282,240
611,168,765,157,733,254,286,248
611,168,763,152,738,257,290,257
611,168,761,147,744,259,295,266
611,168,759,142,749,261,299,275
611,168,757,137,755,263,304,284
611,168,755,132,760,265,308,292
611,168,753,127,766,268,312,301
611,168,751,122,771,270,317,310
611,168,749,117,777,272,321,319
611,168,747,112,782,274,326,327
611,168,745,107,788,276,330,336
611,168,743,102,793,279,334,345
611,168,741,97,799,281,339,354
611,168,739,92,804,283,343,363
611,168,737,87,810,285,348,371
611,168,735,82,815,287,352,380
611,168,733,77,821,290,356,389
611,168,731,72,826,292,361,398
611,168,729,67,832,294,365,407
611,168,727,62,837,296,370,398
611,168,725,57,843,299,374,389
611,168,723,52,848,301,378,380
611,168,721,47,854,303,383,371
611,168,719,42,859,305,387,363
611,168,717,37,865,307,392,354
611,168,715,32,870,310,396,345
611,168,713,27,876,312,400,336
611,168,711,22,881,314,405,327
611,168,709,17,887,316,409,319
611,168,707,22,892,318,414,310
611,168,705,27,898,321,418,301
611,168,703,32,903,323,422,292
611,168,701,37,909,325,427,284
611,168,699,42,914,327,431,275
611,168,697,47,920,329,436,266
611,168,695,52,925,332,440,257
611,168,693,57,931,334,444,248
611,168,691,62,936,336,449,240
611,168,689,67,942,338,453,231
611,168,687,72,947,340,458,222
611,168,685,77,953,343,462,213
611,168,683,82,958,345,466,204
611,168,681,87,964,347,471,196
611,168,679,92,969,349,475,187
611,168,677,97,975,351,480,178
611,168,675,102,980,354,484,169
611,168,673,107,986,356,488,160
611,168,671,112,991,358,493,152
611,168,669,117,997,360,497,143
611,168,667,122,1002,362,502,134
611,168,665,127,1008,365,506,125
611,168,663,132,1013,367,510,116
611,168,661,137,1019,369,515,107
611,168,659,142,1024,371,519,99
611,168,657,147,1030,373,524,90
611,168,655,152,1035,376,528,81
611,168,653,157,1041,378,532,72
611,168,651,162,1046,380,537,63
611,168,649,167,1052,382,541,55
611,168,647,172,1057,384,546,46
611,168,645,177,1063,387,550,37
611,168,643,182,1068,389,554,28
611,168,641,187,1074,391,559,19
611,168,639,192,1079,393,563,11
611,168,637,197,1085,395,568,19
611,168,635,202,1090,398,572,28
611,168,633,207,1085,400,576,37
611,168,631,212,1079,402,581,46
611,168,629,217,1074,404,585,55
611,168,627,222,1068,406,590,63
611,168,625,227,1063,404,594,72
611,168,623,232,1057,402,598,81
611,168,621,237,1052,400,603,90
611,168,619,242,1046,398,607,99
611,168,617,247,1041,395,612,107
611,168,615,252,1035,393,616,116
611,168,613,257,1030,391,621,125
611,168,611,262,1024,389,625,134
611,168,609,267,1019,387,629,143
611,168,607,272,1013,384,634,152
611,168,605,277,1008,382,638,160
611,168,603,282,1002,380,643,169
611,168,601,287,997,378,647,178
611,168,599,292,991,376,651,187
611,168,597,297,986,373,656,196
611,168,595,302,980,371,660,204
611,168,593,307,975,369,665,213
611,168,591,312,969,367,669,222
611,168,589,317,964,365,673,231
611,168,587,322,958,362,678,240
611,168,585,327,953,360,682,248
611,168,583,332,947,358,687,257
611,168,581,337,942,356,691,266
611,168,579,342,936,354,695,275
611,168,577,347,931,351,700,284
611,168,575,352,925,349,704,292
611,168,573,357,920,347,709,301
611,168,571,362,914,345,713,310
611,168,569,367,909,343,717,319
611,168,567,372,903,340,722,327
611,168,565,377,898,338,726,336
611,168,563,382,892,336,731,345
611,168,561,387,887,334,735,354
611,168,559,392,881,332,739,363
611,168,557,397,876,329,744,371
611,168,555,402,870,327,748,380
611,168,553,407,865,325,753,389
611,168,551,402,859,323,757,398
611,168,549,397,854,321,761,407
611,168,547,392,848,318,766,398
611,168,545,387,843,316,770,389
611,168,543,382,837,314,775,380
611,168,541,377,832,312,779,371
611,168,539,372,826,310,783,363
611,168,537,367,821,307,788,354
611,168,535,362,815,305,792,345
611,168,533,357,810,303,797,336
611,168,531,352,804,301,801,327
611,168,529,347,799,299,805,319
611,168,527,342,793,296,810,310
611,168,525,337,788,294,814,301
611,168,523,332,782,292,819,292
611,168,521,327,777,290,823,284
611,168,519,322,771,287,827,275
611,168,517,317,766,285,832,266
611,168,515,312,760,283,836,257
611,168,513,307,755,281,841,248
611,168,511,302,749,279,845,240
611,168,509,297,744,276,849,231
611,168,507,292,738,274,854,222
611,168,505,287,733,272,858,213
611,168,503,282,727,270,863,204
611,168,501,277,722,268,867,196
611,168,499,272,716,265,871,187
611,168,497,267,711,263,876,178
611,168,495,262,705,261,880,169
611,168,493,257,700,259,885,160
611,168,491,252,694,257,889,152
611,168,489,247,689,254,893,143
611,168,487,242,683,252,898,134
611,168,485,237,678,250,902,125
611,168,483,232,672,248,907,116
611,168,481,227,667,246,911,107
611,168,479,222,661,243,915,99
611,168,477,217,656,241,920,90
611,168,475,212,650,239,924,81
611,168,473,207,645,237,929,72
611,168,471,202,639,235,933,63
611,168,469,197,634,232,937,55
611,168,467,192,628,230,942,46
611,168,465,187,623,228,946,37
611,168,463,182,617,226,951,28
611,168,461,177,612,224,955,19
611,168,459,172,606,221,959,11
611,168,457,167,601,219,964,19
611,168,455,162,595,217,968,28
611,168,453,157,590,215,973,37
611,168,451,152,584,213,977,46
611,168,449,147,579,210,981,55
611,168,447,142,573,208,986,63
611,168,445,137,568,206,990,72
611,168,443,132,562,204,995,81
611,168,441,127,557,202,999,90
611,168,439,122,551,199,1003,99
611,168,437,117,546,197,1008,107
611,168,435,112,540,195,1012,116
611,168,433,107,535,193,1017,125
611,168,431,102,529,191,1021,134
611,168,429,97,524,188,1025,143
611,168,427,92,518,186,1030,152
611,168,425,87,513,184,1034,160
611,168,423,82,507,182,1039,169
611,168,421,77,502,180,1043,178
611,168,419,72,496,177,1047,187
611,168,417,67,491,175,1052,196
611,168,415,62,485,173,1056,204
611,168,413,57,480,171,1061,213
611,168,411,52,474,169,1065,222
611,168,409,47,469,166,1069,231
611,168,407,42,463,164,1074,240
611,168,405,37,458,162,1078,248
611,168,403,32,452,160,1083,257
611,168,401,27,447,158,1087,266
611,168,399,22,441,155,1083,275
611,168,397,17,436,153,1078,284
611,168,395,22,430,151,1074,292
611,168,393,27,425,149,1069,301
611,168,391,32,419,147,1065,310
611,168,389,37,414,144,1061,319
611,168,387,42,408,142,1056,327
611,168,385,47,403,140,1052,336
611,168,383,52,397,138,1047,345
611,168,381,57,392,136,1043,354
611,168,379,62,386,133,1039,363
611,168,377,67,381,131,1034,371
611,168,375,72,375,129,1030,380
611,168,373,77,370,127,1025,389
611,168,371,82,364,125,1021,398
611,168,369,87,359,122,1017,407
611,168,367,92,353,120,1012,398
611,168,365,97,348,118,1008,389
611,168,363,102,342,116,1003,380
611,168,361,107,337,114,999,371
611,168,359,112,331,111,995,363
611,168,357,117,326,109,990,354
611,168,355,122,320,107,986,345
611,168,353,127,315,105,981,336
611,168,351,132,309,103,977,327
611,168,349,137,304,100,973,319
611,168,347,142,298,98,968,310
611,168,345,147,293,96,964,301
611,168,343,152,287,94,959,292
611,168,341,157,282,92,955,284
611,168,339,162,276,90,951,275
611,168,337,167,271,87,946,266
611,168,335,172,265,85,942,257
611,168,333,177,260,83,937,248
611,168,331,182,254,81,933,240
611,168,329,187,249,79,929,231
611,168,327,192,243,76,924,222
611,168,325,197,238,74,920,213
611,168,323,202,232,72,915,204
611,168,321,207,227,70,911,196
611,168,319,212,221,68,907,187
611,168,317,217,216,65,902,178
611,168,315,222,210,63,898,169
611,168,313,227,205,61,893,160
611,168,311,232,199,59,889,152
611,168,309,237,194,57,885,143
611,168,307,242,188,54,880,134
611,168,305,247,183,52,876,125
611,168,303,252,177,50,871,116
611,168,301,257,172,48,867,107
611,168,299,262,166,46,863,99
611,168,297,267,161,43,858,90
611,168,295,272,155,41,854,81
611,168,293,277,150,39,849,72
611,168,291,282,144,37,845,63
611,168,289,287,139,35,841,55
611,168,287,292,133,32,836,46
611,168,285,297,128,30,832,37
611,168,283,302,122,28,827,28
611,168,281,307,123,26,823,19
611,168,279,312,129,23,819,11
611,168,277,317,135,21,814,19
611,168,275,322,141,18,810,28
611,168,273,327,147,16,805,37
611,168,271,332,153,18,801,46
611,168,269,337,159,21,797,55
611,168,267,342,165,23,792,63
611,168,265,347,171,26,788,72
611,168,263,352,177,28,783,81
611,168,261,357,183,31,779,90
611,168,259,362,189,33,775,99
611,168,257,367,195,35,770,107
611,168,255,372,201,38,766,116
611,168,253,377,207,40,761,125
611,168,251,382,213,43,757,134
611,168,249,387,219,45,753,143
611,168,247,392,225,47,748,152
611,168,245,397,231,50,744,160
611,168,243,402,238,52,739,169
611,168,241,407,244,55,735,178
611,168,239,402,250,57,731,187
611,168,237,397,256,60,726,196
611,168,235,392,262,62,722,204
611,168,233,387,268,64,717,213
611,168,231,382,274,67,713,222
611,168,229,377,280,69,709,231
611,168,227,372,286,72,704,240
611,168,225,367,292,74,700,248
611,168,223,362,298,77,695,257
611,168,221,357,304,79,691,266
611,168,219,352,310,81,687,275
611,168,217,347,316,84,682,284
611,168,215,342,322,86,678,292
611,168,213,337,328,89,673,301
611,168,211,332,334,91,669,310
611,168,209,327,340,93,665,319
611,168,207,322,346,96,660,327
611,168,205,317,352,98,656,336
611,168,203,312,358,101,651,345
611,168,201,307,365,103,647,354
611,168,199,302,371,106,643,363
611,168,197,297,377,108,638,371
611,168,195,292,383,110,634,380
611,168,193,287,389,113,629,389
611,168,191,282,395,115,625,398
611,168,189,277,401,118,621,407
611,168,187,272,407,120,616,398
611,168,185,267,413,122,612,389
611,168,183,262,419,125,607,380
611,168,181,257,425,127,603,371
611,168,179,252,431,130,598,363
611,168,177,247,437,132,594,354
611,168,175,242,443,135,590,345
611,168,173,237,449,137,585,336
611,168,171,232,455,139,581,327
611,168,169,227,461,142,576,319
611,168,167,222,467,144,572,310
611,168,165,217,473,147,568,301
611,168,163,212,479,149,563,292
611,168,161,207,486,152,559,284
611,168,159,202,492,154,554,275
611,168,157,197,498,156,550,266
611,168,155,192,504,159,546,257
611,168,153,187,510,161,541,248
611,168,151,182,516,164,537,240
611,168,149,177,522,166,532,231
611,168,147,172,528,168,528,222
611,168,145,167,534,171,524,213
611,168,143,162,540,173,519,204
611,168,141,157,546,176,515,196
611,168,139,152,552,178,510,187
611,168,137,147,558,181,506,178
611,168,135,142,564,183,502,169
611,168,133,137,570,185,497,160
611,168,131,132,576,188,493,152
611,168,129,127,582,190,488,143
611,168,127,122,588,193,484,134
611,168,125,117,594,195,480,125
611,168,123,112,600,198,475,116
611,168,121,107,607,200,471,107
611,168,119,102,613,202,466,99
611,168,119,97,619,205,462,90
611,168,121,91,625,207,458,81
611,168,123,86,631,210,453,72
611,168,125,80,637,212,449,63
611,168,127,75,643,214,444,55
611,168,130,69,649,217,440,46
611,168,132,64,655,219,436,37
611,168,134,58,661,222,431,28
611,168,136,53,667,224,427,19
611,168,138,47,673,227,422,11
611,168,141,42,679,229,418,19
611,168,143,36,685,231,414,28
611,168,145,31,691,234,409,37
611,168,147,25,697,236,405,46
611,168,149,20,703,239,400,55
611,168,152,14,709,241,396,63
611,168,154,20,715,243,392,72
611,168,156,25,721,246,387,81
611,168,158,31,728,248,383,90
611,168,160,36,734,251,378,99
611,168,163,42,740,253,374,107
611,168,165,47,746,256,370,116
611,168,167,53,752,258,365,125
611,168,169,58,758,260,361,134
611,168,171,64,764,263,356,143
611,168,174,69,770,265,352,152
611,168,176,75,776,268,348,160
611,168,178,80,782,270,343,169
611,168,180,86,788,273,339,178
611,168,182,91,794,275,334,187
611,168,185,97,800,277,330,196
611,168,187,102,806,280,326,204
611,168,189,108,812,282,321,213
611,168,191,113,818,285,317,222
611,168,193,119,824,287,312,231
611,168,196,124,830,289,308,240
611,168,198,130,836,292,304,248
611,168,200,135,842,294,299,257
611,168,202,141,849,297,295,266
611,168,204,146,855,299,290,275
611,168,207,152,861,302,286,284
611,168,209,157,867,304,282,292
611,168,211,163,873,306,277,301
611,168,213,168,879,309,273,310
611,168,215,174,885,311,268,319
611,168,218,179,891,314,264,327
611,168,220,185,897,316,260,336
611,168,222,190,903,319,255,345
611,168,224,196,909,321,251,354
611,168,226,201,915,323,246,363
611,168,229,207,921,326,242,371
611,168,231,212,927,328,238,380
611,168,233,218,933,331,233,389
611,168,235,223,939,333,229,398
611,168,237,229,945,335,224,407
611,168,240,234,951,338,220,398
611,168,242,240,957,340,216,389
611,168,244,245,963,343,211,380
611,168,246,251,970,345,207,371
611,168,248,256,976,348,202,363
611,168,251,262,982,350,198,354
611,168,253,267,988,352,194,345
611,168,255,273,994,355,189,336
611,168,257,278,1000,357,185,327
611,168,259,284,1006,360,180,319
611,168,262,289,1012,362,176,310
611,168,264,295,1018,365,172,301
611,168,266,300,1024,367,167,292
611,168,268,306,1030,369,163,284
611,168,270,311,1036,372,158,275
611,168,273,317,1042,374,154,266
611,168,275,322,1048,377,150,257
611,168,277,328,1054,379,145,248
611,168,279,333,1060,381,141,240
611,168,281,339,1066,384,136,231
611,168,284,344,1072,386,132,222
611,168,286,350,1078,389,128,213
611,168,288,355,1084,391,123,204
611,168,290,361,1091,394,119,196
611,168,293,366,1084,396,119,187
611,168,295,372,1078,398,124,177
611,168,297,377,1072,401,129,167
611,168,299,383,1066,403,134,158
611,168,301,388,1060,406,139,148
611,168,304,394,1054,408,144,138
611,168,306,399,1048,406,148,129
611,168,308,405,1042,403,153,119
611,168,310,410,1036,401,158,109
611,168,312,405,1030,398,163,100
611,168,315,399,1024,396,168,90
611,168,317,394,1018,394,173,80
611,168,319,388,1012,391,177,71
611,168,321,383,1006,389,182,61
611,168,323,377,1000,386,187,51
611,168,326,372,994,384,192,42
611,168,328,366,988,381,197,32
611,168,330,361,982,379,202,22
611,168,332,355,976,377,206,12
611,168,334,350,970,374,211,22
611,168,337,344,963,372,216,32
611,168,339,339,957,369,221,42
611,168,341,333,951,367,226,51
611,168,343,328,945,365,231,61
611,168,345,322,939,362,235,71
611,168,348,317,933,360,240,80
611,168,350,311,927,357,245,90
611,168,352,306,921,355,250,100
611,168,354,300,915,352,255,109
611,168,356,295,909,350,260,119
611,168,359,289,903,348,265,129
611,168,361,284,897,345,269,138
611,168,363,278,891,343,274,148
611,168,365,273,885,340,279,158
611,168,367,267,879,338,284,167
611,168,370,262,873,335,289,177
611,168,372,256,867,333,294,187
611,168,374,251,861,331,298,196
611,168,376,245,855,328,303,206
611,168,378,240,849,326,308,216
611,168,381,234,842,323,313,225
611,168,383,229,836,321,318,235
611,168,385,223,830,319,323,245
611,168,387,218,824,316,327,254
611,168,389,212,818,314,332,264
611,168,392,207,812,311,337,274
611,168,394,201,806,309,342,283
611,168,396,196,800,306,347,293
611,168,398,190,794,304,352,303
611,168,400,185,788,302,356,313
611,168,403,179,782,299,361,322
611,168,405,174,776,297,366,332
611,168,407,168,770,294,371,342
611,168,409,163,764,292,376,351
611,168,411,157,758,289,381,361
611,168,414,152,752,287,386,371
611,168,416,146,746,285,390,380
611,168,418,141,740,282,395,390
611,168,420,135,734,280,400,400
611,168,422,130,728,277,405,409
611,168,425,124,721,275,410,400
611,168,427,119,715,273,415,390
611,168,429,113,709,270,419,380
611,168,431,108,703,268,424,371
611,168,433,102,697,265,429,361
611,168,436,97,691,263,434,351
611,168,438,91,685,260,439,342
611,168,440,86,679,258,444,332
611,168,442,80,673,256,448,322
611,168,444,75,667,253,453,313
611,168,447,69,661,251,458,303
611,168,449,64,655,248,463,293
611,168,451,58,649,246,468,283
611,168,453,53,643,243,473,274
611,168,455,47,637,241,477,264
611,168,458,42,631,239,482,254
611,168,460,36,625,236,487,245
611,168,462,31,619,234,492,235
611,168,464,25,613,231,497,225
611,168,466,20,607,229,502,216
611,168,469,14,600,227,507,206
611,168,471,20,594,224,511,196
611,168,473,25,588,222,516,187
611,168,475,31,582,219,521,177
611,168,477,36,576,217,526,167
611,168,480,42,570,214,531,158
611,168,482,47,564,212,536,148
611,168,484,53,558,210,540,138
611,168,486,58,552,207,545,129
611,168,488,64,546,205,550,119
611,168,491,69,540,202,555,109
611,168,493,75,534,200,560,100
611,168,495,80,528,198,565,90
611,168,497,86,522,195,569,80
611,168,499,91,516,193,574,71
611,168,502,97,510,190,579,61
611,168,504,102,504,188,584,51
611,168,506,108,498,185,589,42
611,168,508,113,492,183,594,32
611,168,510,119,486,181,599,22
611,168,513,124,479,178,603,12
611,168,515,130,473,176,608,22
611,168,517,135,467,173,613,32
611,168,519,141,461,171,618,42
611,168,521,146,455,168,623,51
611,168,524,152,449,166,628,61
611,168,526,157,443,164,632,71
611,168,528,163,437,161,637,80
611,168,530,168,431,159,642,90
611,168,532,174,425,156,647,100
611,168,535,179,419,154,652,109
611,168,537,185,413,152,657,119
611,168,539,190,407,149,661,129
611,168,541,196,401,147,666,138
611,168,543,201,395,144,671,148
611,168,546,207,389,142,676,158
611,168,548,212,383,139,681,167
611,168,550,218,377,137,686,177
611,168,552,223,371,135,690,187
611,168,554,229,365,132,695,196
611,168,557,234,358,130,700,206
611,168,559,240,352,127,705,216
611,168,561,245,346,125,710,225
611,168,563,251,340,122,715,235
611,168,565,256,334,120,720,245
611,168,568,262,328,118,724,254
611,168,570,267,322,115,729,264
611,168,572,273,316,113,734,274
611,168,574,278,310,110,739,283
611,168,576,284,304,108,744,293
611,168,579,289,298,106,749,303
611,168,581,295,292,103,753,313
611,168,583,300,286,101,758,322
611,168,585,306,280,98,763,332
611,168,587,311,274,96,768,342
611,168,590,317,268,93,773,351
611,168,592,322,262,91,778,361
611,168,594,328,256,89,782,371
611,168,596,333,250,86,787,380
611,168,598,339,244,84,792,390
611,168,601,344,238,81,797,400
611,168,603,350,231,79,802,409
611,168,605,355,225,77,807,400
611,168,607,361,219,74,811,390
611,168,609,366,213,72,816,380
611,168,612,372,207,69,821,371
611,168,614,377,201,67,826,361
611,168,616,383,195,64,831,351
611,168,618,388,189,62,836,342
611,168,620,394,183,60,841,332
611,168,623,399,177,57,845,322
611,168,625,405,171,55,850,313
611,168,627,410,165,52,855,303
611,168,629,405,159,50,860,293
611,168,631,399,153,47,865,283
611,168,634,394,147,45,870,274
611,168,636,388,141,43,874,264
611,168,638,383,135,40,879,254
611,168,640,377,129,38,884,245
611,168,642,372,123,35,889,235
611,168,645,366,123,33,894,225
611,168,647,361,130,30,899,216
611,168,649,355,136,28,903,206
611,168,651,350,143,25,908,196
611,168,653,344,150,22,913,187
611,168,656,339,156,20,918,177
611,168,658,333,163,17,923,167
611,168,660,328,170,20,928,158
611,168,662,322,176,22,932,148
611,168,664,317,183,25,937,138
611,168,667,311,190,28,942,129
611,168,669,306,196,30,947,119
611,168,671,300,203,33,952,109
611,168,673,295,210,36,957,100
611,168,675,289,216,38,962,90
611,168,678,284,223,41,966,80
611,168,680,278,230,44,971,71
611,168,682,273,236,46,976,61
611,168,684,267,243,49,981,51
611,168,686,262,250,52,986,42
611,168,689,256,256,54,991,32
611,168,691,251,263,57,995,22
611,168,693,245,270,60,1000,12
611,168,695,240,276,62,1005,22
611,168,697,234,283,65,1010,32
611,168,700,229,290,68,1015,42
611,168,702,223,296,70,1020,51
611,168,704,218,303,73,1024,61
611,168,706,212,309,76,1029,71
611,168,708,207,316,78,1034,80
611,168,711,201,323,81,1039,90
611,168,713,196,329,84,1044,100
611,168,715,190,336,86,1049,109
611,168,717,185,343,89,1053,119
611,168,719,179,349,92,1058,129
611,168,722,174,356,94,1063,138
611,168,724,168,363,97,1068,148
611,168,726,163,369,100,1073,158
611,168,728,157,376,102,1078,167
611,168,730,152,383,105,1083,177
611,168,733,146,389,107,1087,187
611,168,735,141,396,110,1092,196
611,168,737,135,403,113,1097,206
611,168,739,130,409,115,1102,216
611,168,741,124,416,118,1107,225
611,168,744,119,423,121,1112,235
611,168,746,113,429,123,1116,245
611,168,748,108,436,126,1121,254
611,168,750,102,443,129,1116,264
611,168,752,97,449,131,1121,274
611,168,755,91,456,134,1116,283
611,168,757,86,463,137,1121,293
611,168,759,80,469,139,1116,303
611,168,761,75,476,142,1121,313
611,168,763,69,483,145,1116,322
611,168,766,64,489,147,1121,332
611,168,768,58,496,150,1116,342
611,168,770,53,502,153,1121,351
611,168,772,47,509,155,1116,361
611,168,774,42,516,158,1121,371
611,168,777,36,522,161,1116,380
611,168,779,31,529,163,1121,390
611,168,781,25,536,166,1116,400
611,168,783,20,542,169,1121,409
611,168,785,14,549,171,1116,400
611,168,788,20,556,174,1121,390
611,168,790,25,562,177,1116,380
611,168,792,31,569,179,1121,371
611,168,794,36,576,182,1116,361
611,168,796,42,582,185,1121,351
611,168,799,47,589,187,1116,342
611,168,801,53,596,190,1121,332
611,168,803,58,602,193,1116,322
611,168,805,64,609,195,1121,313
611,168,807,69,616,198,1116,303
611,168,810,75,622,201,1121,293
611,168,812,80,629,203,1116,283
611,168,814,86,636,206,1121,274
611,168,816,91,642,209,1126,264
611,168,818,97,649,211,1131,254
611,168,821,102,656,214,1136,245
611,168,823,108,662,217,1141,235
611,168,825,113,669,219,1145,225
611,168,827,119,676,222,1150,216
611,168,829,124,682,225,1155,206
611,168,832,130,689,227,1160,196
611,168,834,135,695,230,1165,187
611,168,836,141,702,233,1170,177
611,168,838,146,709,235,1174,167
611,168,840,152,715,238,1179,158
611,168,843,157,722,241,1184,148
611,168,845,163,729,243,1189,138
611,168,847,168,735,246,1194,129
611,168,849,174,742,249,1199,119
611,168,851,179,749,251,1204,109
611,168,854,185,755,254,1208,100
611,168,856,190,762,257,1213,90
611,168,858,196,769,259,1218,80
611,168,860,201,775,262,1223,71
611,168,862,207,782,265,1228,61
611,168,865,212,789,267,1233,51
611,168,867,218,795,270,1237,42
611,168,869,223,802,273,1242,32
611,168,871,229,809,275,1247,22
611,168,873,234,815,278,1252,12
611,168,876,240,822,281,1257,22
611,168,878,245,829,283,1262,32
611,168,880,251,835,286,1266,42
611,168,882,256,842,289,1271,51
611,168,884,262,849,291,1276,61
611,168,887,267,855,294,1281,71
611,168,889,273,862,296,1286,80
611,168,891,278,869,299,1291,90
611,168,893,284,875,302,1295,100
611,168,895,289,882,304,1300,109
611,168,898,295,888,307,1305,119
611,168,900,300,895,310,1310,129
611,168,902,306,902,312,1315,138
611,168,904,311,908,315,1320,148
611,168,906,317,915,318,1325,158
611,168,909,322,922,320,1329,167
611,168,911,328,928,323,1334,177
611,168,913,333,935,326,1339,187
611,168,915,339,942,328,1344,196
611,168,917,344,948,331,1349,206
611,168,920,350,955,334,1354,216
611,168,922,355,962,336,1358,225
